model,bias,rmse,corr
SRCNN-like,-0.10404639691114426,2.220836639404297,0.7767030500440752
ResCNN (EDSR-lite),0.0016303237061947584,2.228248357772827,0.77934133359024
UNet-Light,0.3789450526237488,2.5787100791931152,0.7076745362960566
VDSR-like,-0.04909583181142807,2.285963535308838,0.7649668116802958
RCAN-lite,-0.06625138223171234,2.227142095565796,0.7776255921708776
