model,bias,rmse,corr
SRCNN-like,-0.06655649095773697,2.2131433486938477,0.7785005721161155
ResCNN (EDSR-lite),-0.08450599014759064,2.221799373626709,0.7795928652203672
UNet-Light,-0.05016857385635376,2.890650510787964,0.6803672717926803
