model,bias,rmse,corr
SRCNN-like,-0.0834612026810646,2.211177110671997,0.7784962124106906
ResCNN (EDSR-lite),0.05130324512720108,2.2212111949920654,0.7797585785708102
UNet-Light,-0.03585829585790634,2.4704463481903076,0.7336738839250169
